seqID,barcode,libType,extID,libID,sampleID,extractionMethod,concExt,concAmp,concLib,tissueConc,sampleVol,sampleTreatment,notes,sampleName,sampleType,sampleGroup,sampleGroup2,rawReads,filtReads,OTUs,ratioPhylum,ratioClass,ratioOrder,ratioFamily,ratioGenus,ratioSpecies
18100FL-24-06-86,196,abV4-C,EXT-DJ1122-EXTNEG-B,LIB-DJ1122-EXTNEG-B-1,,molzym ultra deep microbiome,0.033180947,0.045806906,0.376865855,,,EXT-NEG,,DJ1122-EXTNEG-B-1,EXT-NEG,DJ1122-EXTNEG-B-1,EXT-NEG,64897,55439,159,159,159,158,156,146,8
18100FL-24-06-45,144,abV4-C,EXT-DJ1122-EXTNEG-A,LIB-DJ1122-EXTNEG-A-1,,molzym ultra deep microbiome,0.023349555,0.057682601,0.072605278,,,EXT-NEG,,DJ1122-EXTNEG-A-1,EXT-NEG,DJ1122-EXTNEG-A-1,EXT-NEG,17968,14810,141,141,141,141,138,129,6
18100FL-24-06-106,219,abV4-C,EXT-DJ1131-PCRNEG-A,LIB-DJ1131-PCRNEG-A-2,,,,0.041108762,0.03325287,,,PCR-NEG,,DJ1131-PCRNEG-A-2,PCR-NEG,DJ1131-PCRNEG-A-2,PCR-NEG,13,3,3,3,3,3,3,3,0
18100FL-24-06-82,190,abV4-C,EXT-DJ1131-PCRNEG-A,LIB-DJ1131-PCRNEG-A-1,,,,0.034849905,0.021280857,,,PCR-NEG,,DJ1131-PCRNEG-A-1,PCR-NEG,DJ1131-PCRNEG-A-1,PCR-NEG,56,4,4,4,4,4,4,4,0
18100FL-24-06-81,189,abV4-C,EXT-DJ1131-PCRPOS-A,LIB-DJ1131-PCRPOS-A-1,,,,13.5469993,0.016273597,,,PCR-POS,,DJ1131-PCRPOS-A-1,PCR-POS,DJ1131-PCRPOS-A-1,PCR-POS,17,6,5,5,5,5,5,5,0
18100FL-24-06-90,201,abV4-C,EXT-CP941b-99-B,LIB-CP941b-99-B-1,SA-CP941b-99,molzym ultra deep microbiome,0.946271445,0.052854123,0.359623627,66.67,0.75,A fumigatus delta_pptA_Corisone acetate,,102,lung tissue,6,6,56503,44348,156,156,156,156,156,154,9
18100FL-24-06-89,200,abV4-C,EXT-CP941b-98-B,LIB-CP941b-98-B-1,SA-CP941b-98,molzym ultra deep microbiome,0.425207688,0.052854123,0.15394847,66.67,0.75,A fumigatus delta_pptA_Corisone acetate,,101,lung tissue,6,6,41402,34688,83,83,83,83,83,79,5
18100FL-24-07-13,199,abV4-C,EXT-CP941b-97-B,LIB-CP941b-97-B-1,SA-CP941b-97,molzym ultra deep microbiome,0.818463353,1.384778013,10.49928568,66.67,0.75,A fumigatus delta_pptA_Corisone acetate,,100,lung tissue,6,6,64019,54869,93,93,93,92,92,87,6
18100FL-24-06-88,198,abV4-C,EXT-CP941b-96-B,LIB-CP941b-96-B-1,SA-CP941b-96,molzym ultra deep microbiome,0.349014403,0.059901339,0.140401005,66.67,0.75,A fumigatus delta_pptA_Corisone acetate,,99,lung tissue,6,6,40004,26123,131,131,131,131,128,114,5
18100FL-24-06-87,197,abV4-C,EXT-CP941b-95-B,LIB-CP941b-95-B-1,SA-CP941b-95,molzym ultra deep microbiome,0.31706238,0.045806906,0.174885462,66.67,0.75,A fumigatus delta_pptA_Corisone acetate,,98,lung tissue,6,6,40136,30639,133,131,131,131,126,112,6
18100FL-24-06-85,195,abV4-C,EXT-CP941b-94-B,LIB-CP941b-94-B-1,SA-CP941b-94,molzym ultra deep microbiome,1.215405791,0.055203195,0.419971427,66.67,0.65,A fumigatus delta_pptA_Corisone acetate,less volume,97,lung tissue,6,6,73285,58355,161,161,161,161,157,150,6
18100FL-24-06-84,194,abV4-C,EXT-CP941b-93-B,LIB-CP941b-93-B-1,SA-CP941b-93,molzym ultra deep microbiome,0.717691589,0.043457834,0.253707079,66.67,0.75,A fumigatus delta_pptA_Corisone acetate,,96,lung tissue,6,6,62076,48717,146,146,146,142,141,131,8
18100FL-24-06-83,193,abV4-C,EXT-CP941b-92-B,LIB-CP941b-92-B-1,SA-CP941b-92,molzym ultra deep microbiome,0.38833997,0.043457834,0.081284792,66.67,0.7,A fumigatus delta_pptA_Corisone acetate,less volume,95,lung tissue,6,6,29402,20111,116,116,116,116,114,107,6
18100FL-24-06-80,188,abV4-C,EXT-CP941b-91-B,LIB-CP941b-91-B-1,SA-CP941b-91,molzym ultra deep microbiome,0.207688148,0.050472276,0.177757749,66.67,0.75,A fumigatus delta_pptA_Corisone acetate,,94,lung tissue,6,6,44830,32731,112,110,110,110,110,99,7
18100FL-24-06-79,187,abV4-C,EXT-CP941b-90-B,LIB-CP941b-90-B-1,SA-CP941b-90,molzym ultra deep microbiome,0.315833456,0.050472276,0.311701968,66.67,0.75,A fumigatus delta_pptA_Corisone acetate,,93,lung tissue,6,6,47747,34350,153,153,153,153,152,145,7
18100FL-24-06-78,186,abV4-C,EXT-CP941b-89-B,LIB-CP941b-89-B-1,SA-CP941b-89,molzym ultra deep microbiome,0.557931475,0.072103252,0.379299985,66.67,0.75,A fumigatus delta_pptA_Corisone acetate,,92,lung tissue,6,6,51046,31070,123,123,123,123,121,115,4
18100FL-24-07-12,185,abV4-C,EXT-CP941b-88-B,LIB-CP941b-88-B-1,SA-CP941b-88,molzym ultra deep microbiome,0.691884186,0.092532507,1.835160983,66.67,0.75,A fumigatus delta_pptA_Corisone acetate,,91,lung tissue,6,6,41475,32352,182,181,181,181,181,169,8
18100FL-24-07-11,184,abV4-C,EXT-CP941b-87-B,LIB-CP941b-87-B-1,SA-CP941b-87,molzym ultra deep microbiome,0.631666912,0.233133848,4.875819939,66.67,0.75,A fumigatus delta_pptA_Corisone acetate,,90,lung tissue,6,6,29106,22927,115,114,114,114,114,108,4
18100FL-24-06-77,183,abV4-C,EXT-CP941b-86-B,LIB-CP941b-86-B-1,SA-CP941b-86,molzym ultra deep microbiome,0.625522293,0.070901531,0.461919784,66.67,0.75,A fumigatus delta_pptA_Corisone acetate,,89,lung tissue,6,6,38576,29080,162,162,162,162,161,152,8
18100FL-24-07-10,182,abV4-C,EXT-CP941b-85-B,LIB-CP941b-85-B-1,SA-CP941b-85,molzym ultra deep microbiome,0.491569582,0.091330786,1.025236593,66.67,0.75,A fumigatus delta_pptA_Corisone acetate,,88,lung tissue,6,6,32479,28313,157,157,157,157,152,136,12
18100FL-24-06-76,181,abV4-C,EXT-CP941b-84-B,LIB-CP941b-84-B-1,SA-CP941b-84,molzym ultra deep microbiome,1.114634026,0.078111856,0.410595363,66.67,0.75,A fumigatus delta_pptA_Corisone acetate,,87,lung tissue,6,6,97477,63636,212,212,212,212,212,201,9
18100FL-24-06-75,180,abV4-C,EXT-CP941b-83-B,LIB-CP941b-83-B-1,SA-CP941b-83,molzym ultra deep microbiome,0.816005506,0.062489485,0.463171599,66.67,0.75,A fumigatus delta_pptA_Corisone acetate,,86,lung tissue,6,6,55627,42051,170,167,167,167,161,151,3
18100FL-24-06-74,179,abV4-C,EXT-CP941b-82-B,LIB-CP941b-82-B-1,SA-CP941b-82,molzym ultra deep microbiome,0.455930787,0.057682601,0.301687447,66.67,0.75,A fumigatus wt_Cortisone acetate_Voriconazol,,85,lung tissue,5,5,53626,36820,165,163,163,162,159,153,8
18100FL-24-06-73,178,abV4-C,EXT-CP941b-81-B,LIB-CP941b-81-B-1,SA-CP941b-81,molzym ultra deep microbiome,0.899572334,0.064892927,0.256622102,66.67,0.75,A fumigatus wt_Cortisone acetate_Voriconazol,,84,lung tissue,5,5,38316,24424,137,136,136,136,135,119,8
18100FL-24-06-72,177,abV4-C,EXT-CP941b-80-B,LIB-CP941b-80-B-1,SA-CP941b-80,molzym ultra deep microbiome,0.495256354,0.060086043,0.350508237,66.67,0.75,A fumigatus wt_Cortisone acetate_Voriconazol,,83,lung tissue,5,5,57266,42139,166,166,166,166,166,156,11
18100FL-24-06-71,176,abV4-C,EXT-CP941b-79-B,LIB-CP941b-79-B-1,SA-CP941b-79,molzym ultra deep microbiome,0.603401662,0.057682601,0.439387111,66.67,0.75,A fumigatus wt_Cortisone acetate_Voriconazol,,82,lung tissue,5,5,79743,61623,143,143,143,143,142,135,9
18100FL-24-06-70,175,abV4-C,EXT-CP941b-78-B,LIB-CP941b-78-B-1,SA-CP941b-78,molzym ultra deep microbiome,0.337954087,0.049270555,0.102648841,66.67,0.75,A fumigatus wt_Cortisone acetate_Voriconazol,,81,lung tissue,5,5,35141,21408,129,129,129,129,125,124,7
18100FL-24-06-69,174,abV4-C,EXT-CP941b-77-B,LIB-CP941b-77-B-1,SA-CP941b-77,molzym ultra deep microbiome,0.584967802,0.062489485,0.172750488,66.67,0.75,A fumigatus wt_Cortisone acetate_Voriconazol,,80,lung tissue,5,5,49535,34739,145,145,145,145,141,125,12
18100FL-24-06-68,173,abV4-C,EXT-CP941b-76-B,LIB-CP941b-76-B-1,SA-CP941b-76,molzym ultra deep microbiome,0.755788232,0.060086043,0.165239597,66.67,0.58,A fumigatus wt_Cortisone acetate_Voriconazol,less volume,79,lung tissue,5,5,53797,37315,135,135,135,135,134,121,9
18100FL-24-06-67,172,abV4-C,EXT-CP941b-75-B,LIB-CP941b-75-B-1,SA-CP941b-75,molzym ultra deep microbiome,0.336725163,0.070901531,0.575834961,66.67,0.75,A fumigatus wt_Cortisone acetate_Voriconazol,,78,lung tissue,5,5,60865,49631,199,198,198,197,196,184,11
18100FL-24-06-66,171,abV4-C,EXT-CP941b-74-B,LIB-CP941b-74-B-1,SA-CP941b-74,molzym ultra deep microbiome,0.437496928,0.060086043,0.226578539,66.67,0.75,A fumigatus wt_Cortisone acetate_Voriconazol,,77,lung tissue,5,5,51288,42168,111,111,111,111,111,107,7
18100FL-24-06-65,170,abV4-C,EXT-CP941b-73-B,LIB-CP941b-73-B-1,SA-CP941b-73,molzym ultra deep microbiome,0.855331072,0.072103252,0.235341245,66.67,0.75,A fumigatus wt_Cortisone acetate_Voriconazol,,75,lung tissue,5,5,49684,30689,142,142,142,142,142,127,9
18100FL-24-06-64,169,abV4-C,EXT-CP941b-72-B,LIB-CP941b-72-B-1,SA-CP941b-72,molzym ultra deep microbiome,0.725065133,0.061287764,0.156476891,66.67,0.75,A fumigatus wt_Cortisone acetate_Voriconazol,,74,lung tissue,5,5,38440,22659,119,119,119,119,119,114,5
18100FL-24-06-63,168,abV4-C,EXT-CP941b-71-B,LIB-CP941b-71-B-1,SA-CP941b-71,molzym ultra deep microbiome,0.53458192,0.079313577,0.245355766,66.67,0.75,A fumigatus wt_Cortisone acetate_Voriconazol,,73,lung tissue,5,5,58378,33038,133,133,133,133,133,123,5
18100FL-24-06-62,167,abV4-C,EXT-CP941b-70-B,LIB-CP941b-70-B-1,SA-CP941b-70,molzym ultra deep microbiome,0.448557243,0.08412046,0.937609534,66.67,0.75,A fumigatus wt_Cortisone acetate_Voriconazol,,71,lung tissue,5,5,86028,72029,106,106,106,106,106,98,5
18100FL-24-06-61,166,abV4-C,EXT-CP941b-69-B,LIB-CP941b-69-B-1,SA-CP941b-69,molzym ultra deep microbiome,0.406773829,0.067296368,0.32922738,66.67,0.75,A fumigatus wt_Cortisone acetate_Voriconazol,,70,lung tissue,5,5,62734,51407,119,119,119,116,116,109,7
18100FL-24-06-60,165,abV4-C,EXT-CP941b-68-B,LIB-CP941b-68-B-1,SA-CP941b-68,molzym ultra deep microbiome,0.265447574,0.058884322,0.063842572,66.67,0.75,A fumigatus wt_Cortisone acetate_Voriconazol,,69,lung tissue,5,5,26976,21318,93,93,93,92,92,86,2
18100FL-24-06-59,164,abV4-C,EXT-CP941b-67-B,LIB-CP941b-67-B-1,SA-CP941b-67,molzym ultra deep microbiome,0.379737502,0.078111856,0.547043213,66.67,0.75,A fumigatus wt_Cortisone acetate_Voriconazol,,68,lung tissue,5,5,59898,48208,135,135,135,134,133,129,7
18100FL-24-06-58,163,abV4-C,EXT-CP941b-66-B,LIB-CP941b-66-B-1,SA-CP941b-66,molzym ultra deep microbiome,0.237182323,0.061287764,0.103900656,66.67,0.75,A fumigatus wt_Cortisone acetate_Voriconazol,,67,lung tissue,5,5,35810,29988,51,51,51,48,43,39,4
18100FL-24-06-57,162,abV4-C,EXT-CP941b-65-B,LIB-CP941b-65-B-1,SA-CP941b-65,molzym ultra deep microbiome,0.303544217,0.102146273,0.734815482,66.67,0.75,A fumigatus wt_Cortisone acetate_Voriconazol,,66,lung tissue,5,5,56783,44674,163,163,163,162,161,154,4
18100FL-24-06-56,161,abV4-C,EXT-CP941b-64-B,LIB-CP941b-64-B-1,SA-CP941b-64,molzym ultra deep microbiome,0.458388635,0.112961761,0.669721096,66.67,0.75,A fumigatus wt_Cortisone acetate,,65,lung tissue,4,4,106969,90736,174,174,174,173,169,154,7
18100FL-24-06-55,160,abV4-C,EXT-CP941b-63-B,LIB-CP941b-63-B-1,SA-CP941b-63,molzym ultra deep microbiome,1.050729981,0.130987574,0.782384457,66.67,0.75,A fumigatus wt_Cortisone acetate,,64,lung tissue,4,4,102847,78978,164,164,164,164,163,148,7
18100FL-24-06-54,159,abV4-C,EXT-CP941b-62-B,LIB-CP941b-62-B-1,SA-CP941b-62,molzym ultra deep microbiome,0.094627144,0.057682601,0.309198338,66.67,0.75,A fumigatus wt_Cortisone acetate,,63,lung tissue,4,4,49033,38832,121,121,121,121,121,105,4
18100FL-24-07-09,158,abV4-C,EXT-CP941b-61-B,LIB-CP941b-61-B-1,SA-CP941b-61,molzym ultra deep microbiome,0.605859509,0.117768645,1.382003906,66.67,0.75,A fumigatus wt_Cortisone acetate,,62,lung tissue,4,4,42979,34693,163,163,163,163,161,149,6
18100FL-24-07-08,157,abV4-C,EXT-CP941b-60-B,LIB-CP941b-60-B-1,SA-CP941b-60,molzym ultra deep microbiome,0.788969179,0.098541111,1.067798308,66.67,0.75,A fumigatus wt_Cortisone acetate,,61,lung tissue,4,4,45269,36537,165,165,165,165,159,147,8
18100FL-24-06-53,156,abV4-C,EXT-CP941b-59-B,LIB-CP941b-59-B-1,SA-CP941b-59,molzym ultra deep microbiome,1.070392764,0.100944553,0.51950328,66.67,0.75,A fumigatus wt_Cortisone acetate,,60,lung tissue,4,4,60594,47342,159,157,157,156,155,134,7
18100FL-24-07-07,155,abV4-C,EXT-CP941b-58-B,LIB-CP941b-58-B-1,SA-CP941b-58,molzym ultra deep microbiome,1.690999361,0.722234239,11.31265335,66.67,0.75,A fumigatus wt_Cortisone acetate,,59,lung tissue,4,4,84957,72681,124,124,124,121,121,108,6
18100FL-24-06-52,154,abV4-C,EXT-CP941b-57-B,LIB-CP941b-57-B-1,SA-CP941b-57,molzym ultra deep microbiome,0.670992479,0.088927344,0.878774223,66.67,0.75,A fumigatus wt_Cortisone acetate,,58,lung tissue,4,4,96562,84342,172,172,172,171,168,149,6
18100FL-24-06-51,153,abV4-C,EXT-CP941b-56-B,LIB-CP941b-56-B-1,SA-CP941b-56,molzym ultra deep microbiome,0.678366023,0.092532507,0.783636273,66.67,0.75,A fumigatus wt_Cortisone acetate,,57,lung tissue,4,4,81762,65650,140,140,140,140,140,128,9
18100FL-24-06-50,152,abV4-C,EXT-CP941b-55-B,LIB-CP941b-55-B-1,SA-CP941b-55,molzym ultra deep microbiome,0.489111734,0.078111856,0.194031345,66.67,0.75,A fumigatus wt_Cortisone acetate,,56,lung tissue,4,4,44808,34360,162,158,158,158,156,141,3
18100FL-24-07-06,151,abV4-C,EXT-CP941b-54-B,LIB-CP941b-54-B-1,SA-CP941b-54,molzym ultra deep microbiome,0.460846483,0.092532507,1.107856392,66.67,0.75,A fumigatus wt_Cortisone acetate,,55,lung tissue,4,4,37831,32437,101,101,101,101,101,88,10
18100FL-24-07-05,150,abV4-C,EXT-CP941b-53-B,LIB-CP941b-53-B-1,SA-CP941b-53,molzym ultra deep microbiome,0.208917072,0.378542072,4.870812678,66.67,0.75,A fumigatus wt_Cortisone acetate,,54,lung tissue,4,4,52023,44399,65,65,65,65,64,60,4
18100FL-24-06-49,149,abV4-C,EXT-CP941b-52-B,LIB-CP941b-52-B-1,SA-CP941b-52,molzym ultra deep microbiome,0.625522293,0.075708414,0.221571278,66.67,0.75,A fumigatus wt_Cortisone acetate,,53,lung tissue,4,4,52603,43362,123,123,123,123,123,106,6
18100FL-24-06-48,148,abV4-C,EXT-CP941b-51-B,LIB-CP941b-51-B-1,SA-CP941b-51,molzym ultra deep microbiome,0.532124072,0.08412046,0.562064994,66.67,0.75,A fumigatus wt_Cortisone acetate,,52,lung tissue,4,4,67266,55094,160,159,159,159,157,142,9
18100FL-24-06-47,147,abV4-C,EXT-CP941b-50-B,LIB-CP941b-50-B-1,SA-CP941b-50,molzym ultra deep microbiome,0.642727228,0.08291874,0.230333984,66.67,0.75,A fumigatus wt_Cortisone acetate,,51,lung tissue,4,4,41128,29809,98,98,98,98,98,83,4
18100FL-24-06-46,146,abV4-C,EXT-CP941b-49-B,LIB-CP941b-49-B-1,SA-CP941b-49,molzym ultra deep microbiome,0.4411837,0.070901531,0.33173101,66.67,0.75,A fumigatus wt_Cortisone acetate,,50,lung tissue,4,4,57280,47313,153,153,153,153,153,141,5
18100FL-24-07-04,145,abV4-C,EXT-CP941b-48-B,LIB-CP941b-48-B-1,SA-CP941b-48,molzym ultra deep microbiome,0.462075407,0.092532507,1.400781133,66.67,0.75,A fumigatus wt_Cortisone acetate,,49,lung tissue,4,4,48172,42909,105,105,105,105,101,88,4
18100FL-24-07-03,143,abV4-C,EXT-CP941b-47-B,LIB-CP941b-47-B-1,SA-CP941b-47,molzym ultra deep microbiome,0.646414,0.109356599,1.892744479,66.67,0.75,A fumigatus wt_Cortisone acetate,,48,lung tissue,4,4,31521,26507,129,129,129,129,128,117,6
18100FL-24-06-44,142,abV4-C,EXT-CP941b-46-B,LIB-CP941b-46-B-1,SA-CP941b-46,molzym ultra deep microbiome,0.576365335,0.090129065,0.742326373,66.67,0.75,A fumigatus wt_Cortisone acetate,,47,lung tissue,4,4,78646,63477,211,211,211,210,204,190,9
18100FL-24-06-43,141,abV4-C,EXT-CP941b-45-B,LIB-CP941b-45-B-1,SA-CP941b-45,molzym ultra deep microbiome,0.550557931,0.081717019,0.852486105,66.67,0.75,A fumigatus wt_Cortisone acetate,,46,lung tissue,4,4,105537,89500,114,114,114,114,114,99,4
18100FL-24-06-42,140,abV4-C,EXT-CP941b-44-B,LIB-CP941b-44-B-1,SA-CP941b-44,molzym ultra deep microbiome,0.304773141,0.093734227,0.440638926,66.67,0.75,PBS_Cortisone acetate_Voriconazol,,45,lung tissue,3,3,51357,42033,144,144,144,144,141,133,7
18100FL-24-06-41,139,abV4-C,EXT-CP941b-43-B,LIB-CP941b-43-B-1,SA-CP941b-43,molzym ultra deep microbiome,0.533352996,0.08291874,0.66596565,66.67,0.75,PBS_Cortisone acetate_Voriconazol,,44,lung tissue,3,3,46200,32816,179,179,179,179,178,160,9
18100FL-24-07-02,138,abV4-C,EXT-CP941b-42-B,LIB-CP941b-42-B-1,SA-CP941b-42,molzym ultra deep microbiome,0.650100772,0.112961761,1.405788393,66.67,0.75,PBS_Cortisone acetate_Voriconazol,,43,lung tissue,3,3,27736,21337,150,150,150,150,149,139,7
18100FL-24-06-40,137,abV4-C,EXT-CP941b-41-B,LIB-CP941b-41-B-1,SA-CP941b-41,molzym ultra deep microbiome,0.607088433,0.11055832,0.882529668,66.67,0.75,PBS_Cortisone acetate_Voriconazol,,42,lung tissue,3,3,86621,64532,152,152,152,152,152,150,6
18100FL-24-06-39,136,abV4-C,EXT-CP941b-40-B,LIB-CP941b-40-B-1,SA-CP941b-40,molzym ultra deep microbiome,0.524750528,0.046867114,0.150217816,66.67,0.75,PBS_Cortisone acetate_Voriconazol,,41,lung tissue,3,3,48527,34887,188,187,187,187,180,171,10
18100FL-24-06-38,135,abV4-C,EXT-CP941b-39-B,LIB-CP941b-39-B-1,SA-CP941b-39,molzym ultra deep microbiome,0.49402743,0.052875718,0.242852136,66.67,0.75,PBS_Cortisone acetate_Voriconazol,,40,lung tissue,3,3,26637,18551,137,137,137,136,136,129,7
18100FL-24-06-37,134,abV4-C,EXT-CP941b-38-B,LIB-CP941b-38-B-1,SA-CP941b-38,molzym ultra deep microbiome,0.235953399,0.056480881,0.133944219,66.67,0.75,PBS_Cortisone acetate_Voriconazol,,39,lung tissue,3,3,46635,33788,157,157,157,157,156,147,5
18100FL-24-06-36,133,abV4-C,EXT-CP941b-37-B,LIB-CP941b-37-B-1,SA-CP941b-37,molzym ultra deep microbiome,0.795113798,0.054077439,0.145210555,66.67,0.75,PBS_Cortisone acetate_Voriconazol,,38,lung tissue,3,3,39723,28919,154,154,154,154,147,138,6
18100FL-24-06-35,132,abV4-C,EXT-CP941b-36-B,LIB-CP941b-36-B-1,SA-CP941b-36,molzym ultra deep microbiome,0.548100084,0.052875718,0.175254118,66.67,0.65,PBS_Cortisone acetate_Voriconazol,less volume,37,lung tissue,3,3,32936,25692,140,140,140,140,139,130,7
18100FL-24-06-34,131,abV4-C,EXT-CP941b-35-B,LIB-CP941b-35-B-1,SA-CP941b-35,molzym ultra deep microbiome,0.707860198,0.057682601,0.137699665,66.67,0.75,PBS_Cortisone acetate_Voriconazol,,36,lung tissue,3,3,38116,27823,127,127,127,127,123,112,6
18100FL-24-06-33,130,abV4-C,EXT-CP941b-34-B,LIB-CP941b-34-B-1,SA-CP941b-34,molzym ultra deep microbiome,0.373592882,0.058884322,0.167743228,66.67,0.75,PBS_Cortisone acetate_Voriconazol,,35,lung tissue,3,3,44385,36574,177,177,177,177,174,167,6
18100FL-24-06-32,129,abV4-C,EXT-CP941b-33-B,LIB-CP941b-33-B-1,SA-CP941b-33,molzym ultra deep microbiome,0.621835521,0.05527916,0.259125732,66.67,0.71,PBS_Cortisone acetate_Voriconazol,less volume,34,lung tissue,3,3,48259,37457,197,197,197,197,194,180,5
18100FL-24-06-31,128,abV4-C,EXT-CP941b-32-B,LIB-CP941b-32-B-1,SA-CP941b-32,molzym ultra deep microbiome,0.636582608,0.05527916,0.163987782,66.67,0.75,PBS_Cortisone acetate_Voriconazol,,33,lung tissue,3,3,39212,30309,153,153,153,153,147,136,6
18100FL-24-06-30,127,abV4-C,EXT-CP941b-31-B,LIB-CP941b-31-B-1,SA-CP941b-31,molzym ultra deep microbiome,1.367792361,0.052875718,0.087627059,66.67,0.75,PBS_Cortisone acetate_Voriconazol,,32,lung tissue,3,3,18617,13737,162,162,162,162,154,148,6
18100FL-24-06-29,126,abV4-C,EXT-CP941b-30-B,LIB-CP941b-30-B-1,SA-CP941b-30,molzym ultra deep microbiome,0.102000688,0.058884322,0.126433328,66.67,0.75,PBS_Cortisone acetate_Voriconazol,,31,lung tissue,3,3,36251,29089,140,140,140,140,140,128,3
18100FL-24-06-28,125,abV4-C,EXT-CP941b-29-B,LIB-CP941b-29-B-1,SA-CP941b-29,molzym ultra deep microbiome,0.668534631,0.068498089,0.130188774,66.67,0.75,PBS_Cortisone acetate,,30,lung tissue,2,2,43628,35921,73,73,73,73,71,60,3
18100FL-24-06-27,124,abV4-C,EXT-CP941b-28-B,LIB-CP941b-28-B-1,SA-CP941b-28,molzym ultra deep microbiome,0.380966426,0.070901531,0.091382505,66.67,0.75,PBS_Cortisone acetate,,29,lung tissue,2,2,24593,20223,103,103,103,103,97,90,3
18100FL-24-06-26,123,abV4-C,EXT-CP941b-27-B,LIB-CP941b-27-B-1,SA-CP941b-27,molzym ultra deep microbiome,0.423978764,0.074506694,0.107656101,66.67,0.71,PBS_Cortisone acetate,less volume,28,lung tissue,2,2,16907,11346,112,112,112,112,107,99,6
18100FL-24-06-25,122,abV4-C,EXT-CP941b-26-B,LIB-CP941b-26-B-1,SA-CP941b-26,molzym ultra deep microbiome,0.409231677,0.072103252,0.266636623,66.67,0.75,PBS_Cortisone acetate,,27,lung tissue,2,2,53054,43988,156,156,156,156,153,141,5
18100FL-24-06-24,121,abV4-C,EXT-CP941b-25-B,LIB-CP941b-25-B-1,SA-CP941b-25,molzym ultra deep microbiome,0.219977388,0.074506694,0.28291022,66.67,0.75,PBS_Cortisone acetate,,26,lung tissue,2,2,55862,36876,131,131,131,131,131,124,9
18100FL-24-06-23,120,abV4-C,EXT-CP941b-24-B,LIB-CP941b-24-B-1,SA-CP941b-24,molzym ultra deep microbiome,0.958087887,0.073304973,0.215312203,66.67,0.75,PBS_Cortisone acetate,,25,lung tissue,2,2,54527,29593,62,62,62,62,56,52,2
18100FL-24-06-22,119,abV4-C,EXT-CP941b-23-B,LIB-CP941b-23-B-1,SA-CP941b-23,molzym ultra deep microbiome,0.795585348,0.073304973,0.281658405,66.67,0.73,PBS_Cortisone acetate,less volume,24,lung tissue,2,2,37914,25997,122,122,122,122,119,113,5
18100FL-24-06-21,118,abV4-C,EXT-CP941b-22-B,LIB-CP941b-22-B-1,SA-CP941b-22,molzym ultra deep microbiome,0.460423861,0.070901531,0.062590757,66.67,0.75,PBS_Cortisone acetate,,23,lung tissue,2,2,35210,9878,60,60,60,60,60,59,4
18100FL-24-06-20,117,abV4-C,EXT-CP941b-21-B,LIB-CP941b-21-B-1,SA-CP941b-21,molzym ultra deep microbiome,0.39045749,0.066094648,0.071353463,66.67,0.75,PBS_Cortisone acetate,,22,lung tissue,2,2,31688,13406,47,47,47,47,47,46,2
18100FL-24-06-19,116,abV4-C,EXT-CP941b-20-B,LIB-CP941b-20-B-1,SA-CP941b-20,molzym ultra deep microbiome,1.520075835,0.099742832,0.252866657,66.67,0.75,PBS_Cortisone acetate,,21,lung tissue,2,2,44509,23289,83,83,83,83,83,81,3
18100FL-24-06-18,115,abV4-C,EXT-CP941b-19-B,LIB-CP941b-19-B-1,SA-CP941b-19,molzym ultra deep microbiome,1.157830591,0.078111856,0.121426068,66.67,0.75,PBS_Cortisone acetate,,20,lung tissue,2,2,39462,25348,89,89,89,89,89,82,5
18100FL-24-07-01,114,abV4-C,EXT-CP941b-18-B,LIB-CP941b-18-B-1,SA-CP941b-18,molzym ultra deep microbiome,0.810255716,0.162232317,2.757748736,66.67,0.75,PBS_Cortisone acetate,,19,lung tissue,2,2,41129,30932,131,129,128,128,125,101,11
18100FL-24-06-17,113,abV4-C,EXT-CP941b-17-B,LIB-CP941b-17-B-1,SA-CP941b-17,molzym ultra deep microbiome,0.251653238,0.068498089,0.618396675,66.67,0.75,PBS_Cortisone acetate,,18,lung tissue,2,2,68406,55413,200,200,200,200,191,180,12
18100FL-24-06-16,112,abV4-C,EXT-CP941b-16-B,LIB-CP941b-16-B-1,SA-CP941b-16,molzym ultra deep microbiome,0.135418783,0.062489485,0.605878524,66.67,0.75,PBS_Cortisone acetate,,16,lung tissue,2,2,76043,61345,170,170,170,170,162,153,9
18100FL-24-06-15,111,abV4-C,EXT-CP941b-15-B,LIB-CP941b-15-B-1,SA-CP941b-15,molzym ultra deep microbiome,0.327262058,0.043261951,0.098893395,66.67,0.75,PBS,,15,lung tissue,1,1,36637,25029,94,94,94,94,89,88,6
18100FL-24-06-14,110,abV4-C,EXT-CP941b-14-B,LIB-CP941b-14-B-1,SA-CP941b-14,molzym ultra deep microbiome,0.616155461,0.057682601,0.163987782,66.67,0.75,PBS,,14,lung tissue,1,1,43807,33178,130,130,130,130,122,114,7
18100FL-24-06-13,109,abV4-C,EXT-CP941b-13-B,LIB-CP941b-13-B-1,SA-CP941b-13,molzym ultra deep microbiome,1.254880719,0.052875718,0.066346202,66.67,0.75,PBS,,13,lung tissue,1,1,34720,18463,92,92,92,92,92,89,5
18100FL-24-06-12,108,abV4-C,EXT-CP941b-12-B,LIB-CP941b-12-B-1,SA-CP941b-12,molzym ultra deep microbiome,0.4671948,0.06969981,0.189024085,66.67,0.75,PBS,,12,lung tissue,1,1,37194,29716,119,118,118,118,117,114,3
18100FL-24-06-105,216,abV4-C,EXT-CP941b-114-B,LIB-CP941b-114-B-1,SA-CP941b-114,molzym ultra deep microbiome,0.060217274,0.061075875,0.279570422,,0.75,environment_work place control,negative control (water),C6,ENV-Ctrl,9,9,43835,37859,114,114,114,114,114,113,6
18100FL-24-06-104,215,abV4-C,EXT-CP941b-113-B,LIB-CP941b-113-B-1,SA-CP941b-113,molzym ultra deep microbiome,0.023349555,0.042283298,0.056653037,,0.75,environment_work place control,"negative control (food, drinking water)",C5,ENV-Ctrl,9,9,19857,17026,112,110,110,110,110,106,4
18100FL-24-06-103,214,abV4-C,EXT-CP941b-112-B,LIB-CP941b-112-B-1,SA-CP941b-112,molzym ultra deep microbiome,0.039325567,0.045806906,0.070200502,,0.75,environment_work place control,negative control (cage bedding),C4,ENV-Ctrl,9,9,29938,25876,127,126,126,126,126,124,4
18100FL-24-06-102,213,abV4-C,EXT-CP941b-111-B,LIB-CP941b-111-B-1,SA-CP941b-111,molzym ultra deep microbiome,0.04669911,0.048155978,0.147790532,,0.75,environment_work place control,negative control (plastic),C3,ENV-Ctrl,9,9,42488,36727,139,138,138,138,138,130,6
18100FL-24-06-101,212,abV4-C,EXT-CP941b-110-B,LIB-CP941b-110-B-1,SA-CP941b-110,molzym ultra deep microbiome,0.027036327,0.048155978,0.120695601,,0.75,environment_work place control,negative control (instruments),C2,ENV-Ctrl,9,9,29114,25079,145,145,145,145,144,142,6
18100FL-24-06-11,107,abV4-C,EXT-CP941b-11-B,LIB-CP941b-11-B-1,SA-CP941b-11,molzym ultra deep microbiome,0.549574559,0.060086043,0.423113515,66.67,0.75,PBS,,11,lung tissue,1,1,53817,44897,176,176,176,176,168,158,11
18100FL-24-06-100,211,abV4-C,EXT-CP941b-109-B,LIB-CP941b-109-B-1,SA-CP941b-109,molzym ultra deep microbiome,0.035638795,0.049330514,0.242622789,,0.75,environment_work place control,"negative control (for samples 1.2, 1.3, 1.4)",C1,ENV-Ctrl,9,9,315532,268408,185,185,185,185,185,181,7
18100FL-24-06-99,210,abV4-C,EXT-CP941b-108-B,LIB-CP941b-108-B-1,SA-CP941b-108,molzym ultra deep microbiome,0.850415376,0.061075875,0.18720134,66.67,0.75,specific pathogen free mice control,control,1.4,lung tissue,8,8,36760,24904,133,133,133,133,133,131,5
18100FL-24-06-98,209,abV4-C,EXT-CP941b-107-B,LIB-CP941b-107-B-1,SA-CP941b-107,molzym ultra deep microbiome,0.458388635,0.048155978,0.03325287,66.67,0.75,specific pathogen free mice control,control,1.3,lung tissue,8,8,32293,21150,128,128,128,128,128,125,6
18100FL-24-06-97,208,abV4-C,EXT-CP941b-106-B,LIB-CP941b-106-B-1,SA-CP941b-106,molzym ultra deep microbiome,0.578823182,0.043457834,0.117000837,66.67,0.75,specific pathogen free mice control,control,1.2,lung tissue,8,8,8569,3492,97,96,96,96,95,95,2
18100FL-24-06-96,207,abV4-C,EXT-CP941b-105-B,LIB-CP941b-105-B-1,SA-CP941b-105,molzym ultra deep microbiome,0.38833997,0.03875969,0.137937829,66.67,0.75,germ free mice control,germ-free,G-5,lung tissue,7,7,21300,14542,108,108,108,108,106,102,9
18100FL-24-06-95,206,abV4-C,EXT-CP941b-104-B,LIB-CP941b-104-B-1,SA-CP941b-104,molzym ultra deep microbiome,0.383424274,0.037585154,0.094832258,66.67,0.75,germ free mice control,germ-free,G-4,lung tissue,7,7,32368,23833,123,123,123,123,116,113,6
18100FL-24-06-94,205,abV4-C,EXT-CP941b-103-B,LIB-CP941b-103-B-1,SA-CP941b-103,molzym ultra deep microbiome,1.004030871,0.068123091,0.815311099,66.67,0.75,germ free mice control,germ-free,G-3,lung tissue,7,7,48376,38905,187,187,187,187,182,157,6
18100FL-24-06-93,204,abV4-C,EXT-CP941b-102-B,LIB-CP941b-102-B-1,SA-CP941b-102,molzym ultra deep microbiome,0.642727228,0.057552267,0.240159614,66.67,0.75,A fumigatus delta_pptA_Corisone acetate,,105,lung tissue,6,6,43667,34480,109,109,109,106,106,99,7
18100FL-24-06-92,203,abV4-C,EXT-CP941b-101-B,LIB-CP941b-101-B-1,SA-CP941b-101,molzym ultra deep microbiome,0.761932852,0.051679587,0.141632593,66.67,0.75,A fumigatus delta_pptA_Corisone acetate,,104,lung tissue,6,6,41318,31098,164,164,164,162,162,160,4
18100FL-24-06-91,202,abV4-C,EXT-CP941b-100-B,LIB-CP941b-100-B-1,SA-CP941b-100,molzym ultra deep microbiome,0.65255862,0.050505051,0.068968915,66.67,0.75,A fumigatus delta_pptA_Corisone acetate,,103,lung tissue,6,6,28500,16782,87,87,87,87,86,84,6
18100FL-24-06-10,106,abV4-C,EXT-CP941b-10-B,LIB-CP941b-10-B-1,SA-CP941b-10,molzym ultra deep microbiome,0.222312501,0.054077439,0.037554454,66.67,0.75,PBS,,10,lung tissue,1,1,15571,11259,57,57,57,57,57,50,4
18100FL-24-06-09,105,abV4-C,EXT-CP941b-09-B,LIB-CP941b-09-B-1,SA-CP941b-09,molzym ultra deep microbiome,0.532647212,0.051673997,0.035050824,66.67,0.75,PBS,,9,lung tissue,1,1,19367,11451,92,92,92,92,92,87,2
18100FL-24-06-08,104,abV4-C,EXT-CP941b-08-B,LIB-CP941b-08-B-1,SA-CP941b-08,molzym ultra deep microbiome,0.393842959,0.064892927,0.341745531,66.67,0.75,PBS,,8,lung tissue,1,1,50741,40057,106,106,106,106,101,90,7
18100FL-24-06-07,103,abV4-C,EXT-CP941b-07-B,LIB-CP941b-07-B-1,SA-CP941b-07,molzym ultra deep microbiome,0.876836617,0.051673997,0.085123429,66.67,0.75,PBS,,7,lung tissue,1,1,18430,11899,86,86,86,86,86,77,3
18100FL-24-06-06,102,abV4-C,EXT-CP941b-06-B,LIB-CP941b-06-B-1,SA-CP941b-06,molzym ultra deep microbiome,0.295664342,0.051673997,0.165239597,66.67,0.75,PBS,,6,lung tissue,1,1,38605,27297,99,99,99,98,98,88,3
18100FL-24-06-05,101,abV4-C,EXT-CP941b-05-B,LIB-CP941b-05-B-1,SA-CP941b-05,molzym ultra deep microbiome,0.372401652,0.036051626,0.052576236,66.67,0.75,PBS,,5,lung tissue,1,1,19655,10363,83,83,83,83,79,77,2
18100FL-24-06-04,100,abV4-C,EXT-CP941b-04-B,LIB-CP941b-04-B-1,SA-CP941b-04,molzym ultra deep microbiome,0.492021577,0.050472276,0.071353463,66.67,0.75,PBS,,4,lung tissue,1,1,20738,11238,85,84,84,84,84,80,5
18100FL-24-06-03,99,abV4-C,EXT-CP941b-03-B,LIB-CP941b-03-B-1,SA-CP941b-03,molzym ultra deep microbiome,0.355474304,0.046867114,0.195283161,66.67,0.75,PBS,,3,lung tissue,1,1,34001,26207,169,169,169,169,159,147,7
18100FL-24-06-02,98,abV4-C,EXT-CP941b-02-B,LIB-CP941b-02-B-1,SA-CP941b-02,molzym ultra deep microbiome,0.505563455,0.050472276,0.175254118,66.67,0.75,PBS,,2,lung tissue,1,1,29374,22040,111,111,111,111,105,96,5
18100FL-24-06-01,97,abV4-C,EXT-CP941b-01-B,LIB-CP941b-01-B-1,SA-CP941b-01,molzym ultra deep microbiome,0.448010472,0.066094648,0.107656101,66.67,0.75,PBS,,1,lung tissue,1,1,25321,18314,107,106,106,106,100,95,2
